1538492668,false
1538492669,false
1538492670,false
1538492671,true
1538492672,true
1538492673,true
1538492674,false
1538492675,false
1538492676,false
1538492677,true
1538492678,false
1538492679,true
1538492680,true
1538492681,true
1538492682,true
1538492683,true
1538492684,true
1538492685,true
1538492686,true
1538492687,true
1538492688,true
1538492689,true
1538492690,true
1538492691,true
1538492692,false
1538492693,true
1538492694,true
1538492695,true
1538492696,true
1538492697,true
1538492698,true
1538492699,true
1538492700,true
1538492701,true
1538492702,false
1538492703,false
1538492704,false
1538492705,false
1538492706,false
